2,   Ellyn,   Klimas,   eklimas1@comcast.net,   Female,   47.199.160.84,   2025-08-19
3,Giraldo,   Fellgatt,   gfellgatt2@behance.net,   Male,   248.163.45.105,   2025-01-05
4,   Melesa,Diano,   mdiano3@slideshare.net,   Female,   20.250.3.176,   2026-02-28
5,   Roderich,   Sackur,rsackur4@spotify.com,   Male,   218.150.155.195,   2025-11-14
6,   Aleen,   Arnaudet,   aarnaudet5@amazon.co.uk,Female,   85.127.202.9,   2025-05-22
7,   Barnard,   Bartalin,   bbartalin6@wired.com,   Male,158.118.3.136,   2025-04-09
8,   Mellicent,   Gainsford,   mgainsford7@house.gov,   Female,   19.231.55.15,2025-07-31
9,   Gideon,   Matussevich,   gmatussevich8@live.com,   Male,   166.12.189.76,   2026-06-11
10,Tiffie,   Deveral,   tdeveral9@discogs.com,   Female,   105.81.33.241,   2025-10-02
11,   Gideon,Matussevich,   gmatussevich8@live.com,   Male,   166.12.189.76,   2026-06-11
12,   Tiffie,   Deveral,tdeveral9@discogs.com,   Female,   105.81.33.241,   2025-10-02
